CORR,DESCRIPCION PROFESION/OFICIO
1,SIN PROFESION
2,DESEMPLEADO(A)
3,ARTE Y ARQUITECTURA
4,TEC. EN ARQUITECTURA
5,TEC. EN DISEÑO GRAFICO
6,LIC.(A) EN ARTES PLASTICAS
7,LIC.(A) EN DISEÑO AMBIENTAL
8,LIC.(A) EN DISEÑO ARTESANAL
9,LIC.(A) EN DISEÑO GRAFICO
10,ARQUITECTO(A)
11,DISEÑADOR(A) DE INTERIORES
12,TEC. EN ARQUITECTURA Y CONSTRUCCION
13,TEC. EN DISEÑO Y CONSTRUCCION
14,DISEÑADOR GRAFICO
15,ACTOR
16,TEC. EN CONSTRUCCION CIVIL
17,LIC. RELACIONES PUBLIC.Y COMUNICACIONES
18,ACTRIZ
19,DOCTOR EN ARTES
20,LIC. EN ARTES
21,DISEÑADOR ARTESANAL
22,TEC. EN TECNOLOGIA ARQUITECTONICA
23,PROFESOR(A) DE ARTES
24,MAESTRO EN ARTES VISUALES
25,LIC.(A) EN CIENCIAS Y ARTES
26,ARTES PLASTICAS
27,ING. EN CONSTRUCCION
28,LIC.(A) EN HISTORIA DEL ARTE
29,TEC. EN ING. DE LA CONSTRUCCION
30,LIC.(A) EN ARTES Y LETRAS
31,TEC. EN DISEÑO GRAFICO Y ANIMACION
32,LICENCIATURA EN ARQUITECTURA
33,LICENCIADO EN CIENCIAS RELIGIOSAS
34,LIC(A) EN ARQUIT. DE INTERIORES
35,LIC.(A) EN DISEÑO DEL PRODUCTO ARTESANAL
36,TECNICO EN IDIOMA INGLES
37,LIC.(A) EN IDIOMA C/ESP/ ENS. DEL INGLES
38,LIC. ARTES PLASTICAS OPC.DISEÑO GRAFICO
39,"ECONOMIA, ADMON Y COMERCIO"
40,TEC. EN ADMON DE EMPRESAS
41,TEC. EN FINANZAS
42,TEC. EN CONTADURIA PUBLICA
43,TEC. EN COMERCIO INTER.
44,TEC. EN MERCADEO
45,CONTADOR PUBLICO CERTIFICADO
46,LIC.(A) EN ADMON BANCARIA
47,LIC.(A) EN ADMON DE EMPRESAS
48,LIC.(A) EN ADMON DE VENTAS
49,LIC.(A) EN ADMON FINANCIERA
50,LIC.(A) EN CONTADURIA PUBLICA
51,LIC.(A) EN ECONOMIA
52,LIC.(A) EN MERCADOTECNIA
53,MS. EN MERCADEO
54,MS. EN ADMON DE EMPRESAS
55,MS. EN ADMON FINANCIERA
56,MS. EN ADMON PUBLICA
57,LIC.(A) EN ADMINISTRACION AGRICOLA
58,CONTADOR
59,LIC.(A) EN MERCADEO
60,ECONOMISTA
61,CONSULTOR EN ECONOMIA
62,ANALISTA FINANCIERO
63,CONSULTOR(A)
64,AUDITOR
65,LIC.(A) EN ADMINISTRACION PUBLICA
66,LIC.(A) EN COMERCIO INTERNACIONAL
67,LIC.(A) EN  MERCADOTECNIA Y PUBLICIDAD
68,TEC. SUPERIOR EN ADMON. PUBLICA
69,GERENTE
70,CONTADOR PUBLICO
71,LIC.(A) EN ECONOMIA ADUANERA
72,LIC. EN ECONOMIA Y NEGOCIOS
73,MASTER EN ADMON. Y DIRECCION DE EMPRESAS
74,LIC. RR.PP Y COMUNICACIONES
75,TEC. UNIVER. AVANZADO EN MERCADOTECNIA
76,LIC ADMON DE EMPRESAS C/ ESPEC. EN COMPU
77,TEC. ADMINISTRATIVO
78,MAESTRIA EN DOCENCIA DE LA EDUC SUPERIOR
79,ADMINISTRADOR TEC. DE EMPRESAS INDUSTRIA
80,TEC. EN ADMON. FINANCIERA
81,TEC. EN ADMON. PUBLICA
82,LIC(A) EN CIENCIAS ECONOMICAS
83,MS EN ADMON DE RECURSOS HUMANOS
84,DR. EN ECONOMIA Y COMERCIO
85,DOCUMENTOLOGO
86,LIC. EN SISTEMAS DE COMP. ADMINISTRATIVA
87,LIC(A) EN MERCADOTECNIA Y PUBLICIDAD
88,MASTER EN ECONOMIA EMPRESARIAL
89,TEC. EN ANALISIS FINANCIERO
90,PERITO VALUADOR
91,TECNICO FINANCIERO
92,TECNICO EN CIENCIAS COMERCIALES
93,TEC. EN COMP. ADMINISTRATIVA EMPRESARIAL
94,LIC.(A) EN FINANZAS
95,LIC.(A) EN NEGOCIOS INTERNACIONALES
96,FINANCISTA
97,LIC.(A) EN CONTADURIA
98,LIC.(A) EN ADMON. DE AGRONEGOCIOS
99,LIC.(A) EN HUMANIDADES CLASICAS
100,ASESOR DE EMPRESAS
101,ESTUDIANTE
102,CONTADOR PUBLICO Y AUDITOR
103,MAESTRIA EN DIRECCION DE EMPRESAS
104,BANQUERO
105,TEC. EN COMERCIO Y ADMINISTRACION
106,LIC.(A) EN DESARROLLO INTERNACIONAL
107,ING.(A) EN AGRONEGOCIOS
108,LIC.(A) EN MERCADEO Y PUBLICIDAD
109,TEC. EN COMPUTACION ADMINISTRATIVA
110,LIC. EN PUBLICIDAD Y RELACIONES PUBLICAS
111,TEC. EN MICROEMPRESA
112,EJECUTIVO DE NEGOCIOS
113,MASTER EN ECONOMIA
114,MAESTRIA EN ADMON. DE EMPRESAS
115,BACHILLER TEC. COMERCIAL
116,MAESTRIA EN FINANZAS
117,BACHILLER TEC. VOCACIONAL COMERCIAL
118,MAESTRIA EN NEGOCIOS INTERNACIONALES
119,MAESTRIA EN CONSULTORIA EMPRESARIAL
120,LIC.(A) EN ADMON DE EMPRESAS TURISTICAS
121,MS. EN DIRECCION ESTRATEGICA DE EMPRESAS
122,LIC.(A)  PEDAGOGIA Y CIENCIAS DE LA EDUC
123,TECNICA EN MERCADEO Y VENTAS
124,BACH TEC INDUSTRIAL OPC MEC AUTO
125,SALUD
126,TEC. EN ENFERMERIA 
127,TEC. EN LABORATORIO CLINICO
128,TEC. EN OPTOMETRIA
129,TEC. EN TRABAJO SOCIAL
130,TECNOLOGO(A) EN ANESTESIOLOGIA
131,TECNOLOGO(A) EN ENFERMERIA
132,TECNOLOGO(A) EN FISIOTERAPIA
133,LIC.(A) EN ANESTESIOLOGIA
134,LIC.(A) EN ECOTECNOLOGIA
135,LIC.(A) EN ENFERMERIA
136,LIC.(A) EN FISIOTERAPIA
137,LIC.(A) EN LABORATORIO CLINICO
138,LIC.(A) EN NUTRICION
139,LIC.(A) EN PSICOLOGIA
140,LIC.(A) EN RADIOLOGIA
141,LIC.(A) EN SALUD
142,LIC.(A) EN TRABAJO SOCIAL
143,LIC.(A) EN EDUC. ESPECIAL
144,MS. EN SALUD PUBLICA
145,DR.(A) EN CIRUGIA DENTAL
146,DR.(A) EN MEDICINA
147,TECNICO EN EQUIPO DE RAYOS X
148,DOC.(A) EN QUIMICA Y FARMACIA
149,NUTRICIONISTA
150,PEDIATRA
151,TEC. EN LABORATORIO QUIMICO
152,PROFESIONAL DE TRABAJO SOCIAL
153,TECNOLOGO(A) MATERNO INFANTIL
154,TEC. INSTRUMENTAL MEDICO QUIRURJICO
155,KINESIOLOGO
156,OPTOMETRISTA
157,OFTALMOLOGO(A)
158,LIC.(A) EN RADIOLOGIA E IMAGENES
159,ODONTOLOGO(A)
160,CITOTECNOLOGO
161,LIC.(A) EN FISIOTERAPIA Y TERAP. OCUPAC.
162,LICENCIATURA EN SALUD MATERNO INFANTIL
163,TEC. EN RADIOLOGIA
164,TECNOLOGO(A) EN  TERAPIA OCUPACIONAL
165,PSICOLOGO(A)
166,LIC. EN DIETOLOGIA Y NUTRICION
167,MEDICO CIRUJANO
168,DOCTOR(A) EN PSICOLOGIA
169,FISIOTERAPISTA
170,TECNOLOGO MEDICO ANESTESISTA
171,LIC.(A EN ANESTESIOLOGIA E INHALOTERAPIA
172,TECNICO EN ESTERILIZACION
173,TEC. PRACTICO EN AUDIOMETRIA
174,MEDICO ANESTESIOLOGO
175,MEDICO NATURISTA
176,REGENTE DE FARMACIA
177,TEC. EN ELECTROCARDIOGRAMA
178,ESTOMATOLOGO
179,TECNOLOGO MEDICO
180,ING. BIOQUIMICO
181,TERAPISTA
182,ANESTESISTA
183,LIC. EN NUTRICION Y DIETETICA
184,TECNICO EN ENFERMERIA E HIGIENE DENTAL
185,DOCTOR (A) EN MICROBIOLOGIA
186,LABORATORISTA CLINICO
187,TEC. EN ELECTROCARDIOGRAFIA
188,MAESTRIA EN PSICOLOGIA CLINICA
189,LIC. EN OPTOMETRIA
190,MEDICO GINECO-OBSTETRICIA
191,DOCTOR(A) EN AGRICULTURA
192,TEC. AUDIOMETRISTA
193,TECNOLOGO(A) EN PUERICULTURA
194,TEC. EN ANATOMIA PATOLOGICA
195,TEC. EN CARDIOLOGIA
196,INSEMINADOR ARTIFICIAL
197,TECNOLOGO(A) MEDICO EN LAB. CLINICO
198,DR.(A) EN PSICOLOGIA CLINICA
199,ENFERMERA DENTAL
200,DERMATOLOGO
201,DR.(A) CON POSTGDO EN MEDICINA BIOLOGICA
202,PARASITOLOGO MEDICO
203,MEDICO IRIDOLOGO
204,LIC. EN BIOLOGIA Y QUIMICA
205,LIC. EN ADMINISTRACION DE SALUD
206,TEC. EN SALUD - HIGIENE DENTAL
207,TEC. EN PSICOLOGIA
208,TECNOLOGO MEDICO EN FISIOTERAPIA
209,MEDICO RADIOLOGO
210,UROLOGO
211,TECNICO EN RAYOS X
212,TECNOLOGO(A) EN SALUD MATERNO INFANTIL
213,DR(A). EN MEDICINA Y CIRUGIA
214,DOCTORADO EN AUDIOLOGIA
215,LIC.(A) EN PSICOLOGIA CLINICA
216,MEDICO GASTROENTEROLOGO (A)
217,NEUROCIRUJANO
218,DR.(A) EN CIRUGIA DENT/ESP. ODONT PEDIAT
219,MS. EN ADMON. DE SERVICIOS DE SALUD
220,TECNOLOGO(A) EN RADIOLOGIA E IMAGENES
221,LIC(A). EN EDUC. FUN. BIOLOGIA Y QUIMICA
222,MAESTRA EN PSICOLOGIA ORGANIZACIONAL
223,LIC(A).EN EDUC.ESP.EN BIOLOGIA Y QUIMICA
224,TECNOLOGO EN LABORATORIO CLINICO
225,MAESTRO EN PSICOLOGIA ORGANIZACIONAL
226,MAESTRO (A) EN GESTION AMBIENTAL
227,MAESTRA EN DOCENCIA UNIVERSITARIA
228,TECNICO EN QUIMICA INDUSTRIAL
229,LIC. EN TEC. DE LA SALUD: TRAUMATOLOGIA
230,CIENCIAS
231,LIC.(A) EN BIOLOGIA
232,LIC.(A) EN BIOLOGIA MARINA
233,LIC.(A) EN ESTADISTICA
234,LIC.(A) EN FISICA
235,LIC.(A) EN MATEMATICAS
236,LIC.(A) EN QUIMICA
237,LIC.(A) EN QUIMICA Y FARMACIA
238,LIC.(A) EN GEOQUIMICA
239,ING.(A) QUIMICO(A)
240,MS. EN QUIMICA
241,LIC.(A) EN QUIMICA AGRICOLA
242,ESTADISTICO
243,LIC. EN QUIMICA BIOLOGICA
244,BIOLOGO
245,ING. QUIMICO AGRICOLA
246,PARAPSICOLOGIA
247,METEOROLOGO
248,QUIMICO FARMACEUTICO
249,LICENCIADO EN METEREOLOGIA
250,LIC.(A) EN MATEMATICA
251,LIC.(A) EN GEOFISICA
252,MEDICO ESPECIALISTA
253,ORTOPEDA Y TRAUMATOLOGIA
254,ING. FISICO
255,LIC.(A) EN CIENCIAS
256,DR(A) EN QUIMICA Y FARMACIA
257,LIC.(A)EN EDUC.PARA LA ENS.DE LA QUIMICA
258,GEOQUIMICO
259,QUIMICO MINERO
260,DIETISTA
261,TEC. EN ARSENAL QUIRURGICO
262,DOCTORADO EN DEMOGRAFIA
263,DR.(A) EN QUIMICA INDUSTRIAL
264,LABORATORISTA
265,QUIMICO TEXTIL
266,DR.(A) EN SALUD PUBLICA
267,IRIDOLOGA
268,TEC. EN MANTTO. Y REP. DE EQ. BIOMEDICO
269,DR. EN QUIMICA INDUSTRIAL Y FARMACIA
270,LIC.(A) CONTADOR PUBLICO Y AUDITORIA
271,OTORRINOLARINGOLOGO
272,DR.(A) EN QUIMICA
273,MEDICO
274,ING. OCEANICO
275,OCEANOLOGO
276,LIC. EN CIENCIAS QUIMICAS
277,PSIQUIATRA
278,AUXILIAR EN ODONTOLOGIA
279,FISICO
280,DR. EN METALURGIA Y CC. DE LOS MAT.
281,PALEONTOLOGO(A)
282,METEOROLOGO(A)
283,LIC.(A) EN QUIMICA Y FARMACIA BIOLOGIA
284,TEC. EN ING. BIOMEDICA
285,LIC. EN ORTESIS Y PROTESIS
286,AGRICULT/GANAD/PISCICULT/MEDIO AMB
287,TEC. EN AGRONOMIA
288,TEC. EN CONSERVACION DEL MEDIO AMBIENTE
289,TEC. EN VETERINARIA
290,TEC. EN INGENIERIA AGRICOLA
291,TEC. EN ZOOLOGIA
292,LIC.(A) EN VETERINARIA
293,ING.(A) AGRONOMO
294,ING.(A) EN AGROECOLOGIA
295,ING.(A) EN ENTOMOLOGIA
296,ING.(A) AGROINDUSTRIAL
297,MS. EN MEDIO AMB. Y REC. NAT
298,LIC.(A) EN GEOGRAFIA
299,TEC. EN METEREOLOGIA
300,ING.(A) EN PESCA
301,AGRONOMO
302,MEDICO VETERINARIO
303,TEC. EN PRODUCCION AGROPECUARIA
304,TEC. AGRICOLA
305,TEC. GEOGRAFO
306,MEDICO VETERINARIO Y ZOOTECNISTA
307,TEC. METEOROLOGO
308,MAESTRIA EN  CIENCIAS AGROPECUARIAS
309,TEC. ADMINISTRADOR AGROPECUARIO
310,TEC. EN ING. AGROINDUSTRIAL
311,TEC. COMPUTACION
312,ECOLOGO
313,ESPECIALISTA FORESTAL
314,ZOOTECNISTA
315,TEC. EN INGENIERIA AGRONOMICA
316,LIC(A) EN TECNOLOGIA AGROINDUSTRIAL
317,SOCIOLOGO(A) SANITARISTA
318,MS ADMON. Y COMERC. AGROPECUARIA
319,VETERINARIO
320,ECONOMISTA AMBIENTAL
321,INGENIERO AGROECOLOGO(A)
322,LIC(A) ZOOTECNISTA
323,TEC. AGROPECUARIO
324,MASTER EN CIENCIAS AGRICOLAS
325,AUXILIAR DE VETERINARIO
326,TEC. EN TECNOLGIA  Y MEDIO AMBIENTE
327,DASONOMO
328,ING. AGRONOMO FITOTECNISTA
329,AGROPECUARIO(A)
330,HORTICULTOR
331,TEC. AVICOLA
332,TECNICO FORESTAL
333,METEOROLOGO
334,PERITO AGRONOMO
335,TEC. MEDIO AGROPECUARIO
336,ING.(A) AGRICOLA
337,LIC.(A) EN ECOLOGIA
338,AGRONOMO VETERINARIO
339,TEC. EN REDES Y TECNOLOGIAS INFORMATICAS
340,TEC. AGRONOMO
341,CONSULTOR AMBIENTAL Y RURAL
342,FRUTICULTOR
343,ING.AGRONOMO GENERALISTA
344,TEC EN MEDICINA VETERINARIA Y ZOOTECNIA
345,ING. EN DES. SOCIOECONOMICO Y AMBIENTE
346,LIC.(A) EN MEDIC VETERINARIA Y ZOOTECNIA
347,MAESTRIA EN AGRICULTURA SOSTENIBLE
348,TEC.USO Y MANEJO DE PLANTAS MEDICINALES
349,LIC.(A) EN MEDICINA VETERINARIA
350,MS. SEG Y GESTION DE RIESGOS INFORM.
351,ESTUDIANTE
352,DERECHO
353,LIC.(A) EN CIENCIAS JURIDICAS
354,LIC.(A) EN RELACIONES INTERNACIONALES
355,DR.(A) JURISPRUDENCIA Y C.C. SOCIALES
356,ABOGADO(A)
357,ABOGADO(A) Y NOTARIO(A)
358,FISCAL
359,FISCAL AUXILIAR
360,DEFENSOR PUBLICO
361,LIC. EN DERECHO CANONICO
362,COLABORADOR JUDICIAL
363,ESPECIALISTA EN DERECHOS HUMANOS
364,DR. EN DERECHO INTERNACIONAL
365,MASTER EN DERECHOS HUMANOS
366,LIC.(A)EN DERECHO
367,MAESTRO EN DERECHO PENAL
368,ASESOR
369,MAESTRE EN DERECHO INT. PUBLICO
370,DR(A) EN CC. POLITICAS Y SOC.
371,DOCTOR EN DERECHO PRIVADO
372,HUMANIDADES
373,TEC. EN ARTES LIBERALES
374,TEC. EN BIBLIOTECOLOGIA
375,TEC. EN DEMOGRAFIA
376,LIC.(A) EN ARQUEOLOGIA
377,LIC.(A) EN FILOSOFIA
378,LIC.(A) EN IDIOMAS
379,LIC.(A) EN LETRAS
380,LIC.(A) EN TEOLOGIA
381,MS. EN TEOLOGIA
382,DR.(A) EN FILOSOFIA
383,LIC.(A) EN GEOLOGIA Y FISICA
384,ANTROPOLOGO(A)
385,TECNICO EN IDIOMAS
386,LIC. (A) EN TRADUCCION E INTERPRETACION
387,LIC. IDIOMA INGLES
388,LIC. EN EDUC. C/FUND. EN MAT. Y FISICA
389,ING. GEOLOGO
390,LIC. EN HUMANIDADES
391,PROFESORADO EN IDIOMAS
392,TEC. HISTOPATOLOGICO
393,LIC. EN DEMOGRAFIA
394,INVESTIGADOR ARQUEOLOGICO
395,DOCTOR EN SOCIOLOGIA
396,ARQUEOLOGO
397,FILOSOFO (A)
398,LIC.(A) EN BIBLIOTECOLOGIA
399,LIC.(A) EN ANTROPOLOGIA
400,TECNICO EN IDIOMA INGLES
401,TEC. OPERADOR EN WINDOWS
402,LIC.(A) EN ANTROPOLOGIA SOCIOCULTURAL
403,TEOLOGO(A)
404,TECNOLOGIA
405,TEC. AGROINDUSTRIAL
406,TEC. AUTOMOTRIZ
407,TEC. EN BIOMEDICA
408,TEC. EN COMPUTACION
409,TEC. EN CONFECCION INDUSTRIAL
410,TEC. EN ELECTRICIDAD
411,TEC. EN ELECTRONICA
412,TEC. EN INGENIERIA CIVIL
413,TEC. EN MECANICA
414,TEC. EN ORTESIS Y PROTESIS
415,TEC. EN PROCESAMIENTO DE ALIMENTOS
416,TEC. EN PRODUCCION DE RADIO Y TV
417,TEC. INDUSTRIAL
418,TEC. EN TOPOGRAFIA
419,TEC. EN ARQUITECTURA
420,TEC. EN CONSTRUCCION
421,TEC. EN DISEÑO
422,TEC. EN INGENIERIA 
423,TEC. EN RADIO Y TELEVISION
424,TEC. ANALISTA EN PROG DE SISTEMAS
425,LIC.(A) EN COMPUTACION
426,LIC.(A) EN RELACIONES INDUSTRIALES
427,ING.(A) BIOMEDICO (A)
428,ING.(A) CIVIL
429,ING.(A) EN ALIMENTOS
430,ING.(A) ELECTRICO
431,ING.(A) EN ELECTRONICA
432,ING.(A) EN COMPUTACION
433,ING.(A) INDUSTRIAL
434,ING.(A) MECANICO
435,ING.(A) CONSTRUCTOR NAVAL
436,ING.(A) HIDROGRAFICO
437,ING.(A) TEXTIL
438,TEC. EN INGENIERIA MECANICA
439,TEC. EN DESARROLLO RURAL
440,TEC. EN INGENIERIA ELECTRICA
441,TEC. EN INGENIERIA ELECTRONICA
442,ING.(A) METALURGICO
443,DOC.(A) EN INGENIERIA INDUSTRIAL
444,LIC. EN TECNOLOGIA DE ALIMENTOS
445,TEC. EN INGENIERIA INDUSTRIAL
446,TOPOGRAFO
447,ING.(A) ZOOTECNISTA
448,ING.(A) ELECTRICISTA
449,TEC. EN ING. EN SISTEMAS COMPUTACIONALES
450,ING.(A) EN SISTEMAS
451,ING.(A) EN TELECOMUNICACIONES
452,TEC. EN ELECTRONICA Y BIOMEDICA
453,INGENIERO(A)
454,TEC. EN TELEFONIA
455,TECNICO TEXTIL
456,TEC. ADMON MUNICIPAL
457,TEC. EN AUDIOLOGIA
458,TEC. EN ING. DE REF. Y AIRE ACOND.
459,TEC. EN ING. AUTOMOTRIZ
460,ING. EN CIENCIAS DE LA COMPUTACION
461,TECNOLOGO(A) INDUSTRIAL
462,LIC.(A) EN CRIMINOLOGIA
463,ING. DE SISTEMAS INFORMATICOS
464,TEC. EN ING. DE LA CONFECCION INDUSTRIAL
465,ING. EN SISTEMAS Y COMPUTACION
466,TECNICO
467,TEC. EN PRODUCTIVIDAD INDUSTRIAL
468,LIC. EN COMPUTACION ADMTIVA EMPRESARIAL
469,TEC. EN INGENIERIA ELECTROMECANICA
470,DOCTOR EN INFORMATICA
471,INGENIERO FORESTAL
472,TEC. EN SISTEMAS DE COMPUTACION
473,TEC. EN ING. CIVIL Y CONSTRUCCION
474,TEC. EN ING. TOPOGRAFICA
475,LIC. EN INFORMATICA
476,ING. MECANICO INDUSTRIAL
477,TEC. EN MAQUINA INDUSTRIAL
478,TEC. EN INGENIERIA EN COMPUTACION
479,TEC. EN ING. EN COMPUTACION
480,TEC. ELECTROMECANICO
481,TEC. SUPERIOR EN ING. CIVIL
482,GERENCIA INDUSTRIAL
483,LIC.(A) EN CIENCIAS DE LA COMPUTACION
484,TEC. INGENIERIA DE CONTROL DE CALIDAD
485,ING. ELECTRICO INDUSTRIAL
486,TEC.PROGRAMADOR ANALISTA
487,AUXILIAR DE TOPOGRAFIA
488,DOCTOR EN INGENIERIA
489,ING. AUTOMOTRIZ
490,TECNICO EN INFORMATICA
491,TEC EN MECANIZACION AGRICOLA INDUSTRIAL
492,INGENIERIA GENETICA
493,TEC. VALUADOR
494,ING. EN COMUNICACIONES Y ELECTRONICA
495,TECNICO EN CONTADURIA
496,TEC. EN MANTENIMIENTO INDUSTRIAL
497,INGENIERO DE PRODUCCION
498,INGENIERO(A) AGRONOMO ZOOTECNISTA
499,TEC. EN ELECTRONICA DIGITAL
500,TEC. EN PROGRAMACION DE COMPUTADORAS
501,INGENIERO(A) ELECTRICISTA
502,ING.(A) AGRONOMO EN DESARROLLO RURAL
503,ELECTROMECANICO INDUSTRIAL
504,TEC. EN ARTES GRAFICAS
505,TEC. EN ALIMENTOS
506,TEC. EN SISTEMAS HIDRAULICOS
507,TEC. EN INGENIERIA TEXTIL
508,TEC. EN SIST. INFORMATICOS ADMINIS.
509,TEC. ELECTRICISTA
510,TEC. OPERADOR DE COMPUTADORAS
511,TEC. EN ING. MECANICA Y ELECTRICA
512,TEC. SISMOLOGO
513,ING. EN RADIO-COMUNICACIONES
514,TEC. EN ADMON. DE EMPRESAS
515,TEC. EN INGENIERIA DE CONTROL
516,TEC. AVANZADO EN ING. TOPOGRAFICA
517,ING.(A)  AGRONOMO FITOTECNISTA
518,ING.(A) INDUSTRIAL Y SISTEMAS
519,TEC. EN RADIO-COMUNICACIONES
520,TEC. EN ARSENAL Y CENTRAL DE EQUIPOS
521,TEC. EN CONTROL DE CALIDAD
522,TEC. EN MANTENIMIENTO
523,ING.(A) ELECTRO-MECANICO
524,TEC. SUB-MARINISTA
525,TEC. EN EQUIPO DE OFICINA
526,ING. TEC. MECANICO
527,TEC. ING. DE SISTEMAS Y REDES INFORMAT.
528,ING.(A) AGRIMENSOR
529,ING. TERMO-ENERGETICO
530,LIC. EN ESTADISTICA Y COMPUTACION
531,MAESTRIA EN MANEJO SUST. DE LOS RRNN.
532,TEC. SUPERIOR EN ADMON INDUSTRIAL
533,TEC. EN MECANICA AUTOMOTRIZ
534,LIC. EN ADMON DE SISTEMAS INFORMATICOS
535,TECNICO OPERADOR Y PROGRAMADOR ANALISTA
536,TEC. EN ING. DE LAS COMUN. ELECTRONICAS
537,ING.EN AUTOMATIZACION
538,ING.(A) DE ALIMENTOS
539,ING.(A) EN SISTEMAS COMPUTACIONALES
540,TEC. EN SOFTWARE ADMINISTRATIVO
541,TEC ADMON Y OPERACION PORTUARIA
542,TEC. EN ADMON DE EMPRESAS GASTRONOMICAS
543,TEC ING ELECTRONICA OPC MTTO Y SERV COMP
544,TEC. EN ING. DE REDES INFORMATICAS
545,ING(A) EN ELECTRONICA Y COMUNICACIONES
546,TEC. EN INGENIERIA DE HARDWARE
547,ING.(A) AGROECONOMISTA
548,TEC. OPERADOR SOFTWARE
549,TECNICO EN CIENCIAS DE LA COMPUTACION
550,TEC. EN FOTOGRAFIA
551,LIC. EN ORTESIS Y PROTESIS
552,TEC. EN MANTENIMIENTO  AERONAUTICO.
553,TEC. EN AUDITORIA
554,LIC(A) EN INGENIERIA CIVIL
555,LIC(A) PERIODISMO Y COMUNIC. AUDIOVISUAL
556,TECNICO EN INGENIERIA MECATRONICA
557,TEC. SUP. GESTION Y DESARROLLO TURISTICO
558,ING.(A) MECATRONICA
559,LIC.(A) EN DISEÑO INDUSTRIAL Y DE PRODUC
560,TEC. SUPERIOR EN ACUICULTURA
561,TEC. EN MERCADEO Y VENTAS
562,TEC. EN INGENIERIA EN MEC. AUTOMOTRIZ
563,TECNICO EN RADIO Y TV DIGITAL A COLOR
564,TEC. EN PRODUCTIVIDAD Y CALIDAD
565,TEC EN DESARROLLO LOCAL Y GESTION MUNIC.
566,RESIDENTE DE ASILO
567,EDUC.
568,PROF.(A) EN ADMON DE LA EDUCACION
569,PROF.(A) EN BIOLOGIA Y QUIMICA
570,PROF.(A) EN CIENCIAS COMERCIALES
571,PROF.(A) EN CIENCIAS NATURALES
572,PROF.(A) EN CIENCIAS SOCIALES
573,PROF.(A) EN COMPUTACION
574,PROF.(A) EN EDUC. BASICA 1º Y 2º CICLO
575,PROF.(A) EN EDUC. ESPECIAL
576,PROF.(A) EN EDUC. FISICA
577,PROF.(A) EN EDUC. MEDIA
578,PROF.(A) EN FISICA Y MATEMATICA
579,PROF.(A) EN INGLES
580,PROF.(A) EN LENGUAJE Y LITERATURA
581,PROF.(A) EN LETRAS Y ESTETICA
582,PROF.(A) EN EDUCACION PARVULARIA
583,PROF.(A) EN TEOLOGIA
584,LIC.(A) EN CIENCIAS DE LA EDUC.
585,LIC.(A) EN EDUC. FISICA Y DEPORTES
586,LIC.(A) EN INGLES
587,LIC.(A) EN EDUC. ESPECIAL
588,LIC.(A) EN EDUC. PARVULARIA
589,MS. EN ADMON. DE CURRICULO
590,MS. EN EDUC. UNIVERSITARIA
591,PROF.(A) EN QUIMICA
592,PROF.(A) EN LETRAS
593,PROF.(A) EN MUSICA
594,PROF.(A) EN RELIGION
595,CATEDRATICO
596,PROFESOR(A)
597,LIC. EN EDUCACION EN POBLACION
598,MS. EN ADMON. Y DOCENCIA UNIVERSITARIA
599,LIC.(A) EN EDUCACION
600,LIC.(A) EN EDUCACION PARA LA SALUD
601,PROF.(A) EN BIOLOGIA
602,LIC.(A) EN EDUCACION DE ADULTOS
603,PROF.(A) EN CIENCIAS DE LA EDUCACION
604,ASESOR EDUCATIVO
605,MASTER EN RECURSOS HUMANOS
606,DIRECTOR DE CENTRO DE DESARROLLO
607,DIRECTOR(A)
608,DOCTOR(A) EN CIENCIAS DE LA EDUCACION
609,PROFESOR(A) EN EDUCACION  BASICA
610,LIC. EN CIENCIAS DE LA EDUCACION
611,PEDAGOGO
612,DOCTORADO EN QUIMICA BIOLOGICA
613,DOCTOR EN QUIMICA BIOLOGICA
614,MASTER EN CIENCIAS DE LA MATE. APLICADA
615,ALFABETIZADOR(A)
616,LIC.(A) EN ADMNISTRACION DE EDUCACION
617,PROFESOR TECNICO
618,STENOGRAFA
619,LIC. EN CC. DE LA EDUC. ESP.  INGLES
620,TECNICO EN RECURSOS HUMANOS
621,RECTOR (A)
622,SUB-DIRECTOR
623,PROMOTOR CULTURAL
624,LIC. EN ORIENTACION PROFESIONAL
625,PROFESOR EN MATEMATICA
626,LIC. EN BACTERIOLOGIA Y C.C. NATURALES
627,LIC. EN EDUCACION FISICA Y DEPORTE
628,LIC. EN ORIENTACION EDUCATIVA
629,MAESTRO(A) EN ADMON. DE TEC. E INF.
630,MAESTRA EN SALUD PUBLICA
631,DOCTOR EN HISTORIA
632,LIC. EN CIENCIAS NATURALES
633,DIPLO. EN HIGIENE Y SEGURIDAD INDUSTRIAL
634,MS. EN CIENCIAS
635,DR. EN ADMINISTRACION DE EMPRESAS
636,MASTER EN EDUCACION
637,MASTER EN EDUCACION SUPERIOR
638,MAESTRIA EN EDUCACION SUPERIOR
639,DR.(A) EN LETRAS Y HUMANIDADES
640,LIC.(A) EN LENGUAJE Y LITERATURA
641,PROF. EN EDUC. MEDIA P/EL IDIOMA INGLES
642,LIC(A) DE CIENCIAS DEL LENGUAJE
643,MAESTRO(A) EN EDUCACION PRIMARIA
644,PROF.(A) DE EDUC. PRIMARIA
645,LIC(A). EN ESTUDIOS LATINOAMERICANOS
646,MAESTRIA EN DESARROLLO LOCAL
647,PROF(A). CC. SOC. EDUC. BASICA Y MEDIA
648,MS EN DIDACTICA Y FORMAC DEL PROFESORADO
649,LIC(A) CC. DE EDUC CON ESP EN PARVULARIA
650,PROF. EDUC. MEDIA TEC. ENSEÑ. MEC. AUTO
651,MS PROFESIONALIZACION DE LA DOCENCIA SUP
652,PROF(A) CC NATURALES T.C.B.Y EDUC. MEDIA
653,PROF(A). CC. SOC. T.C.B.Y EDUC. MEDIA
654,PROF(A) EN EDUC MED CAMPO ELECTROTECNIA
655,LIC(A) CC. DE EDUC CON ESP EN CC. NAT.
656,LIC(A) CC DE EDUC ESP EN LENG. Y LITERAT
657,PROFESOR DE ESTUDIOS SOCIALES
658,MAESTRIA EN METODOS Y TEC E INVESTIG SOC
659,MS. EN DER. HUM. Y EDUC. PARA LA PAZ
660,LIC(A) CC DE EDUC CON ESP EN MATEMATICAS
661,PROF(A) EN EDUC MED ENSEÑANZA DE CC. SOC
662,LIC(A) CC EDUC CON ESP EN EDUC ESPECIAL
663,MASTER EN TECNOLOGIA EDUCATIVA
664,MS. ADMON. EMPRESAS Y CONSULTORIA EMPRES
665,LIC(A) CC EDUC ESP EDUC FIS DEP Y RECREA
666,PROF.(A) EN EDUC. ESP. PARA NIVEL BASICO
667,MAESTRA EN COMUNICACION ORGANIZACIONAL
668,PROF.(A) DE FILOSOFIA Y LETRAS
669,PROF(A).INGLES 3° CICLO EDU BAS Y MED
670,PROF. EDUC. MEDIA TEC ENSEÑ. ELECTRONICA
671,PROF(A) EN MAT 3° CICLO EDUC BAS Y MEDIA
672,LIC(A) EN LENG MODER ESP FRANCES/INGLES
673,PROF. EN EDUC. MED. P. EL IDIOMA FRANCES
674,MS. EN ASESORIA EDUCATIVA
675,LIC(A) CC ESP LENG/MAT 1°Y 2º ED BAS
676,LIC(A) CC DE EDUC ESP 1°Y 2º C. EDU BAS.
677,PROF(A) ENSEÑANZA EN EDUC. MEDIA CC EDUC
678,MAESTRO EN DOCENCIA UNIVERSITARIA
679,MAESTRIA EN ADMON. DE LA EDUCACION
680,MAESTRIA EN ADMON. DE NEGOCIOS
681,PROF(A) EN EDUC MED ENSEÑ. DE LA MAT.
682,MAESTRIA EN COMUNICACION
683,DR.(A) EN FILOSOFIA IBEROAMERICANA
684,PROF.(A) DE EDUC MEDIA EN EL CAMPO CCIAL
685,PROF. EDUC. MED. ENSEÑANZA DE LAS LETRAS
686,MS. EN NUEVAS TECNOLOGIAS DE LA COMUNIC
687,MAESTRIA EN ADMON FINANCIERA
688,MAGISTER EN GESTION Y POLITICAS PUBLICAS
689,MAESTRO(A) EN LIDERAZGO GERENCIAL EDUC.
690,MAESTRA(O) EN DIRECCION DE EMPRESAS
691,PROF.(A) LENG Y LIT PARA 3° C EDU B Y ME
692,PROF EN ED MED TEC EN LA ESP DE ING ELEC
693,PROF(A) EN EDU MED TEC ENS ELECTROTECNIA
694,LIC.(A) CC EDUC ESP EN EDUC FISICA Y DEP
695,CIENCIAS SOCIALES
696,TEC. EN COMUNICACIONES
697,TEC. EN PERIODISMO
698,TEC. EN RELACIONES PUBLICAS
699,TEC. EN PUBLICIDAD
700,LIC.(A) EN CIENCIAS DE LA COMUNICACIÓN
701,LIC.(A) EN CIENCIAS POLITICAS
702,LIC.(A) EN COMUNICACIONES
703,LIC.(A) EN PUBLICIDAD
704,LIC.(A) EN RELACIONES PUBLICAS
705,LIC.(A) EN SOCIOLOGIA
706,LIC.(A) EN PERIODISMO
707,MS. EN CIENCIAS POLITICAS
708,LIC(A) EN COMUNICACIÓN Y PERIODISMO
709,LIC. EN REL. PUBLICAS Y COMUNICACIONES
710,TEC. EN TELECOMUNICACIONES
711,LIC. EN RELACIONES PUBLICAS Y PUBLICIDAD
712,LIC. EN COMUNICACION SOCIAL
713,LIC. EN  CIENCIAS SOCIALES
714,BIBLIOTECOLOGO
715,M.SC EN RELACIONES INTERNACIONALES
716,LIC. EN CIENCIAS ACTUARIALES
717,DIRECTOR(A) DE CINE Y TV.
718,CORRESPONSAL
719,TEC. EN RELACIONES PUB. Y COMUNICACIONES
720,ASESOR EN COMUNICACIONES
721,TECNICO UNIVERSITARIO EN PERIODISMO
722,TEC. EN RELACIONES PUBLICAS Y PUBLICIDAD
723,LIC.CIENCIAS DE EDUC.ESP.CIEN.SOCIALES
724,MILITAR Y SEGURIDAD
725,OFICIAL MILITAR
726,MILITAR
727,LIC. EN CIENCIAS Y ARTES MILITARES
728,OFICIAL DE POLICIA
729,OFICIAL DE MARINA
730,CAPITAN
731,LICENCIADO EN ADMINISTRACION MILITAR
732,RELIGIOSO
733,SACERDOTE
734,PASTOR RELIGIOSO
735,OBISPO ANGLICANO
736,OBISPO CATOLICO
737,SACERDOTE CATOLICO
738,PARROCO
739,PASTOR(A) EVANGELICO(A)
740,PASTOR EXHORTADOR
741,REVERENDO
742,SACERDOTE ANGLICANO
743,PASTOR ADVENTISTA
744,SACERDOTE LUTERANO
745,MISIONERO EVANGELICO
746,LIC.(A) EN ESTUDIOS ECLESIASTICOS
747,DR. EN TEOLOGIA
748,DIACONO
749,PRESBITERO(A)
750,SACERDOTE DIOCESANO
751,OTRO PROFESIONAL
752,ING.(A) EN AERONAUTICA
753,PILOTO AVIADOR
754,AEROTECNICO
755,PILOTO COMERCIAL
756,PILOTO NAVAL
757,TECNICO AERONAUTICO
758,ING. AEROESPACIAL
759,DESPACHADOR DE AERONAVES
760,INSPECTOR AERONAUTICO
761,LIC. INGENIERIA NAUTICA
762,LIC. EN AERONAUTICA PROFESIONAL
763,PILOTO AVIADOR COMERCIAL
764,TRIPULANTE DE CABINA
765,TEC. EJECUTIVO EN ASISTENCIA GERENCIAL.
766,MECANICO DE AVIONES RECIPROCOS
767,BACHILLER
768,BACH. COMERCIAL-CONTADOR
769,BACH. COMERCIAL-SECRETARIA
770,BACH. ACADEMICO
771,BACH. AGRONOMO
772,BACH. INDUSTRIAL
773,BACH. EN MECANICA
774,BACH. EN ELECTRICIDAD
775,BACH. AUTOMOTRIZ
776,BACH. EN HOSTELERIA Y TURISMO
777,BACH. EN SALUD
778,BACH. EN COMPUTACION
779,BACH. EN ARTE
780,BACH. PEDAGOGICO
781,BACH. EN ARQUITECTURA
782,BACH. EN CIENCIAS Y ARTES
783,BACH. AGRICOLA
784,BACHILLER EN COMERCIO Y ADMON.
785,BACH. INDUS ESP. EN MECANICA DE AVIACION
786,BACHILLER EN ORIENTACION DOCENTE
787,BACH. EN ELECTRONICA
788,BACH. GENERAL
789,BACH.TEC.VOC.INDUSTRIAL AERONAUTICO
790,OFICIOS RELAT. AL ARTE Y ARQUITECTURA
791,ARREGLISTA
792,MUSICO
793,FILARMONICO
794,TROBADOR
795,CANTANTE
796,CARTOGRAFICO
797,COREOGRAFO
798,DECORADOR
799,DIBUJANTE
800,DISEÑADOR DE GRAFICOS
801,ESCRITOR(A)
802,ESCULTOR
803,ARTISTA PINTOR
804,POETA
805,ACROBATA
806,ARTISTA
807,ARTISTA DE RADIO Y TV
808,CIRCENSE
809,PAYASO
810,SERIGRAFO
811,CRISTALOGRAFO(A)
812,ALFARERO(A)
813,ALISTADOR
814,APRENDIZ 
815,ARTESANO(A)
816,AYUDANTE
817,BALDOCERO
818,BORDADORA
819,CARROCERO
820,CERAMISTA
821,CURTIDOR DE PIELES
822,EBANISTA
823,ENZUELADOR
824,ZAPATERO(A)
825,TENERO
826,FABRICANTE DE SOMBREROS
827,FLORISTA
828,HERRERO
829,HOJALATERO
830,MARMOLISTA
831,MARROQUINERO(A)
832,OBRA DE BANCO
833,ORFEBRE
834,PIÑATERO
835,PINTOR(A)
836,PIROTECNICO
837,PLATERO
838,TALABARTERO
839,TALLADOR
840,TAPICERO
841,TEJEDOR
842,TELERISTA
843,DECORADOR DE AUTOS
844,MODELO
845,AUTOR
846,COMPOSITOR
847,CONTORCIONISTA
848,BAILARIN(A)
849,CORISTA
850,TITIRITERO
851,GALVANIZADOR
852,DIRECTOR EN ARTE DRAMATICO
853,LIC. EN ARTES VISUALES
854,VOCALISTA
855,CANTAUTOR
856,DEMOLEDOR DE ROCAS
857,TEC. CONSTRUCTOR
858,ENCHAPADOR
859,PIÑATERA
860,DRAMATURGO
861,OFICIOS ECONOMIA/ADMON/COMERCIO
862,ADMINISTRADOR
863,AUXILIAR DE CONTADOR
864,CARDISTA
865,VENDEDOR(A)
866,VENDEDOR AMBULANTE
867,AYUDANTE DE VENDEDOR
868,PROMOTOR DE VENTAS
869,AGENTE DE SEGUROS
870,EJECUTIVO(A) DE VENTAS
871,GESTOR DE VENTAS
872,ASESOR DE VENTAS
873,VENDEDOR PROFESIONAL
874,AGENTE VENDEDOR
875,AGENTE VIAJERO
876,REPRESENTANTE DE VENTAS
877,EJECUTIVO EMPRESARIAL
878,EJECUTIVO HOTELERO
879,EMPRESARIO(A)
880,ESPECIALISTA  COMERC. INTER.
881,PLANILLERO(A)
882,REPRESENTANTE CASAS EXTRANJERAS
883,SECRETARIA(O)
884,SECRETARIA EJECUTIVA
885,SECRETARIA EJECUTIVA BILINGÜE
886,GESTOR DE SERVICIOS
887,PLANIFICADOR
888,TEC. BANCARIO
889,TEC. EN HOSTELERIA Y TURISMO
890,OFICINISTA
891,TEC. OFICINISTA
892,TENEDOR DE LIBROS
893,AUXILIAR DE OFICINA
894,PELUQUERO(A)
895,BARBERO
896,COSMETOLOGA(O)
897,ESTILISTA
898,MANICURISTA
899,MASAJISTA
900,COMERCIANTE
901,COMERCIANTE EN PEQUEÑO
902,NEGOCIANTE
903,MERCERO(A)
904,PRESTAMISTA
905,RECEPCIONISTA
906,MECANOGRAFO(A)
907,TAQUIMECANOGRAFO(A)
908,CAJERO(A)
909,EMPLEADO(A) BANCARIO(A)
910,TALLADOR OPTICO
911,TIPOGRAFO
912,IMPRESOR
913,LINOTIPISTA
914,AUXILIAR DE ALMACEN
915,DEPENDIENTE
916,DEPENDIENTE DE ALMACEN
917,DEPENDIENTE DE FARMACIA
918,IMPULSADOR(A)
919,BODEGUERO
920,AYUDANTE DE BODEGA
921,BARRETERO
922,BARRENDERO
923,BUHONERO
924,CARGADOR DE BATERIAS
925,CARNICERO
926,MATARIFE
927,CERRAJERO
928,COLCHONERO
929,CORTE Y CONFECCION
930,COSTURERO(A)
931,COSTERO
932,SASTRE
933,MODISTA
934,DULCERO(A)
935,EMPACADOR(A)
936,ENCERADOR
937,ENCUADERNADOR
938,ESTAMPADOR
939,GUARDALUZ
940,HARINERO
941,HORNERO
942,HOTELERO
943,BOTONES
944,MESERO(A)
945,RECAMARERA
946,INSTALADOR
947,JARDINERO
948,LAMINADOR
949,LUSTRADOR
950,MENSAJERO
951,MINERO
952,MOLINERO
953,MONTAJISTA
954,OFICIOS VARIOS
955,ORDENANZA 
956,PANADERO(A)
957,PANIFICADOR(A)
958,REPOSTERO(A)
959,PARRILLERO(A)
960,PELETERO
961,PLOMERO
962,PRENSISTA
963,RECORTADOR
964,RELOJERO (A)
965,JOYERO(A)
966,SEPULTURERO
967,SORBETERO
968,PALETERO
969,MINUTERO
970,SUPERNUMERARIO(A)
971,TENDERO(A)
972,TINTORERO(A)
973,TRAMITADOR(A)
974,TRAMOYISTA
975,TROQUELERO
976,TUBERO
977,ADUANERO
978,ARCHIVISTA
979,AYUDANTE DE COBRADOR
980,SUPERVISOR DE VENTAS
981,BARTENDER
982,VIDRIERO
983,COSTURERA INDUSTRIAL
984,SASTRE INDUSTRIAL
985,ESCULTOR INDUSTRIAL
986,OBRERO TEXTIL
987,INSTALADOR DE TECHO
988,INSTALADOR DE AZULEJOS
989,OSTRERO
990,SALONERO
991,DESPACHADOR
992,CASEADOR
993,CARTERO
994,PRENSISTA DE TIPOGRAFIA
995,CHALAN
996,CASETERO
997,ECONOMISTA AGRICOLA
998,BRUCERO
999,AGENTE DE VIAJES
1000,TEC. EN SEGUROS
1001,SECRETARIO(A) MUNICIPAL
1002,MICROEMPRESARIO
1003,AGENTE PREVISIONAL
1004,INSTALADOR DE ALARMAS
1005,ASISTENTE ADMINISTRATIVO
1006,SECRETARIA COMERCIAL
1007,PASTELERO(A)
1008,TEC. EN COMERCIALIZACION
1009,LIC. EN COMERCIALIZACION
1010,ASESOR DE MERCADEO
1011,JOYERO Y RELOJERO
1012,TEC. EN ADMINISTRACION DE PERSONAL
1013,INDUSTRIAL SALINERO
1014,CORREDOR(A) DE SEGUROS
1015,TEC. EN PANIFICACION
1016,TEC. EN HOSTELERIA
1017,SECRETARIA EN COMPUTACION
1018,CAMARERO (A)
1019,TEC EN SECRETARIADO SUPERIOR ADTIVO.
1020,ADMINISTRACION DE PERSONAL
1021,SECRETARIA MERCANTIL
1022,AGENTE ADUANAL
1023,TEC. EN TURISMO
1024,CORREDOR DE BOLSA
1025,JARDINERO INJERTADOR
1026,DISEÑADOR(A) DE MODA
1027,INTERMEDIARIO DE SEGUROS
1028,SECRETARIA BILINGÜE
1029,LIC. EN DISEÑO DE TEXTILES
1030,SECRETARIA EJECUTIVA EN LEYES
1031,ING.(A) COMERCIAL
1032,SALINERO
1033,MASTER EN FINANZAS EMPRESARIALES
1034,TEC. ADMINISTRACION TURISTICA
1035,TEC. EN GUIA TURISTICO
1036,SECRETARIA GERENCIAL EN INFORMATICA
1037,OFICIOS RELAT. A SALUD
1038,QUINESIOLOGO
1039,ACUPUNTURISTA
1040,ENFERMERO(A)
1041,ENFERMERO(A) AUXILIAR
1042,AYUDANTE DE ENFERMERIA
1043,ESPECIALISTA EN RADIOLOGIA
1044,TEC. DENTAL
1045,MECANICO DENTAL
1046,HIGIENISTA DENTAL
1047,ASISTENTE DENTAL
1048,QUIROPRACTICO
1049,MASAJISTA
1050,APRENDIZ EN MECANICA DENTAL
1051,TEC. EN OPTICA
1052,TECNOLOGO ORTOPEDA
1053,TERAPISTA DE LENGUA
1054,TERAPISTA OCUPACIONAL
1055,DELEGADO DE SALUD
1056,INSPECTOR SANITARIO
1057,PARTERA AUTORIZADA
1058,VACUNADOR
1059,VISITADOR MEDICO
1060,NATUROPATA
1061,FARMACEUTICO
1062,IDONEO EN FARMACIA
1063,TEC. EN LABORATORIO
1064,AUXILIAR DE LABORATORIO
1065,PROMOTOR(A) SOCIAL
1066,PROMOTOR(A) DE SALUD
1067,TRABAJADOR(A) SOCIAL
1068,EDUCADORA SOCIAL
1069,TRAMITADOR(A) SOCIAL
1070,EDUCADOR EN SALUD
1071,PARAMEDICO
1072,INSPECTOR VETERINARIO
1073,ENFERMERA(O) GRADUADA(O)
1074,EDUCADOR(A) AMBIENTAL
1075,TEC. OPTICO
1076,TERAPISTA RESPIRATORIO
1077,TEC. HISIOTERAPISTA
1078,TECNOLOGO EN TERAPIA DE LENGUAJE
1079,MEDICO PEDIATRA
1080,DOCTOR EN NATUROPATIA
1081,INSPECTOR DE OPERACIONES MEDICAS
1082,AUXILIAR DE ENFERMERIA
1083,TEC. EN FARMACIA
1084,TEC.EN SALUD Y SANEAMIENTO AMBIENTAL
1085,EDUCADOR (A)
1086,AYUDANTE EN SALUD
1087,HOMEOPATA
1088,TECNICA DE HERBARIO
1089,DR. (A) EN QUIROPRACTICA
1090,OFICIOS AGRIC/GANAD/PISCICULT/MEDIO AMB.
1091,AGRICULTOR (A)
1092,AGRICULTOR (A) EN PEQUEÑO
1093,EMPLEADO AGRICOLA
1094,SEMBRADOR
1095,APICULTOR
1096,AVICULTOR(A)
1097,CAFICULTOR(A)
1098,COOPERATIVISTA
1099,CUNICULICULTOR
1100,GANADERO (A)
1101,GRANJERO
1102,PERICULTOR
1103,PERITO CAFICULTOR
1104,PISCICULTOR
1105,TEC. EN CONTROL DE PLAGAS
1106,CABALLERANGO
1107,CAMPISTA
1108,CAPORAL
1109,MANDADOR
1110,PEON AGRICOLA
1111,CORRALERO
1112,CORTADOR
1113,ESCRIBIENTE
1114,HENERO
1115,INSEMINADOR
1116,JORNALERO
1117,LABRADOR
1118,MAQUINARIO AGRICOLA
1119,MONTANERO
1120,TRACTORISTA
1121,PATRON DE BARCO PESQUERO
1122,TEC. PESQUERO
1123,MARINO MERCANTE
1124,MARINERO
1125,PESCADOR(A)
1126,FLORICULTOR
1127,CAÑICULTOR
1128,COLOIADOR
1129,FUMIGADOR
1130,MECANICO AGRICOLA
1131,RASTRILLADOR
1132,TRAPICHERO
1133,TRABAJADOR(A) AGRICOLA
1134,GUARDABOSQUES
1135,MARINO ELECTRICISTA
1136,INSPECTOR TEC. EN SANEAMIENTO AMBIENTAL
1137,PERITO AGRICOLA
1138,LIC. EN AGROINDUSTRIA
1139,INGENIERO AGRICOLA
1140,ING.(A) AVICOLA
1141,PESCADOR(A) ARTESANAL
1142,ACUICULTOR
1143,BUZO COMERCIAL
1144,MARINERO DE BARCO PESQUERO
1145,MARINO DE BARCO
1146,ING. EN MAQUINARIA AGRICOLA
1147,LARVICULTOR
1148,MAQUINISTA DE EMBARCACION PESQUERA
1149,OFICIOS RELAT. A DERECHO
1150,OFICIAL PUBLICO DE JUEZ EJECUTOR
1151,NOTIFICADOR
1152,COLABORADOR JURIDICO
1153,EJECUTOR DE EMBARGO
1154,ASESOR JURIDICO
1155,CONTRATISTA NOTARIAL
1156,JUEZ (A)
1157,OFICIOS RELAT. A TECNOLOGIA
1158,DISEÑADOR(A) DE TRAZOS
1159,TOPOGRAFO EMPIRICO
1160,CADENERO
1161,CONSTRUCTOR EMPIRICO
1162,CONTRATISTA
1163,DIBUJANTE ARQUITECTONICO
1164,DIBUJANTE DE INGENIERIA
1165,DISEÑADOR(A)
1166,IMPRESOR LITOGRAFICO
1167,LITOGRAFO(A)
1168,MAESTRO DE OBRA
1169,OBRERO(A)
1170,ALBAÑIL
1171,AYUDANTE DE ALBAÑIL
1172,PERFORISTA
1173,PEON DE CONSTRUCCION
1174,MOTONIVELADOR
1175,OPERADOR DE EQUIPO PESADO
1176,LADRILLERO
1177,ENCIELADOR
1178,FONTANERO
1179,PLOMERO
1180,APRENDIZ DE OFICIO
1181,AYUDANTE DE OFICIO
1182,ASERRADOR
1183,BARNIZADOR
1184,CARPINTERO
1185,AYUDANTE DE MAQUINARIA PESADA
1186,ENDEREZADOR Y PINTOR
1187,ENGRASADOR
1188,ENSAMBLADOR
1189,MECANICO DE BANCO
1190,MECANICA FINA
1191,MECANICO
1192,MECANICO AUTOMOTRIZ
1193,MECANICO INDUSTRIAL
1194,MECANICO DE AVIACION
1195,MECANICO DE MOLINOS
1196,MECANICO TEXTIL
1197,MECANICO ENDEREZADOR
1198,MECANICO SOLDADOR
1199,MECANICO TORNERO
1200,PINTOR AUTOMOTRIZ
1201,SOLDADOR
1202,SOLDADOR AUTOMOTRIZ
1203,APRENDIZ DE MECANICA
1204,AYUDANTE DE ENDEREZADO Y PINTURA
1205,AYUDANTE DE MECANICO
1206,ENDEREZADOR
1207,REPARADOR DE BATERIAS
1208,REPARADOR DE LLANTAS
1209,ELECTRICISTA
1210,ELECTROMECANICO
1211,ELECTRONICO AUTOMOTRIZ
1212,EMBOBINADOR
1213,LINIERO MONTADOR
1214,MECANICO EN ELECTRICIDAD
1215,MECANICO EN ELECTRONICA
1216,RADIOTECNICO
1217,SOLDADOR ELECTRONICO
1218,TEC. EN AIRE ACONDICIONADO
1219,TEC. EN REFRIGERACION
1220,APRENDIZ DE ELECTRICISTA
1221,AYUDANTE DE ELECTRICISTA
1222,PROGRAMADOR DE COMPUTADORAS
1223,OPERADOR DE COMPUTADORAS
1224,INSTRUCTOR DE COMPUTACION
1225,CONSULTOR DE INFORMATICA
1226,ASESOR EN INFORMATICA
1227,DIGITADOR(A)
1228,EMPRESARIO INDUSTRIAL
1229,ARMERO
1230,CALDERERO
1231,FUNDIDOR
1232,OBRERO INDUSTRIAL
1233,OPERARIO(A)
1234,OPERARIO(A) INDUSTRIAL
1235,PINTOR INDUSTRIAL
1236,TEC. EN ALUMINIO
1237,TEC. EN ARMAS
1238,TEC. EN POLARIZADO
1239,TEC. EN SISTEMA DE CABLE
1240,AUXILIAR DE DIGITADOR
1241,AUXILIAR DE OPERADOR
1242,AYUDANTE DE OBRA DE BANCO
1243,QUIMICO INDUSTRIAL
1244,APRENDIZ DE CONSTRUCTOR
1245,LABORATORISTA EN DIESEL
1246,PULIDOR DE PISO
1247,ARMADOR
1248,TEJERO
1249,TORNERO DE MADERA
1250,MECANICO NAVAL
1251,TRAILERO
1252,TORNERO
1253,MECANICO MONTADOR
1254,ELECTRICISTA INDUSTRIAL
1255,VULCANIZADOR
1256,FREZADOR
1257,ASESOR TECNICO
1258,TEC. EN MANTTO. DE COMPUTADORAS
1259,TECNOLOGO(A) EN RADIOTECNOLOGIA
1260,ELECTRICISTA AUTOMOTRIZ
1261,ING. MECANICO ELECTRICISTA
1262,LAB. DE SUELOS
1263,CARPINTERO SIN TALLER
1264,CONSTRUCTOR
1265,QUIMICO
1266,ING. QUIMICO INDUSTRIAL
1267,MECANICO EN REFRIGERACION
1268,TECNICO EN QUIMICOS
1269,TEC. EN BOBINADO
1270,ENTOMOLOGO
1271,LIC. EN ASISTENCIA CIRCULATORIA
1272,TEC. EN SOLDURA ELECTRICO
1273,TECNICO MECANICO
1274,OPERADOR(A) EN SISTEMAS
1275,SOLDADOR ELECTRICO
1276,TEC. EN TELEFONIA
1277,CARPINTERO TALLADOR
1278,TEC. AVANZADA EN ING. DE CONFECCION IND.
1279,INGENIERO EN CONFECCION
1280,TEC. EN REFRIGERACION INDUSTRIAL
1281,LINIERO ELECTRICISTA
1282,DIBUJANTE DE INGENIERIA Y ARQUITECTURA
1283,TELEFONISTA
1284,OPERADOR DE MAQUINAS
1285,ANALISTA DE SISTEMAS
1286,RADIODIFUSOR
1287,VITRALISTA
1288,MECANICO EN ENDEREZADO Y PINTURA
1289,AYUDANTE DE CARPINTERIA
1290,OFICIOS RELAT. A EDUC.
1291,BIBLIOTECARIO(A)
1292,PROF.(A)
1293,INSTRUCTOR(A)
1294,ESTUDIANTE
1295,INSTRUCTOR DE OFICIOS
1296,PROF.(A) DE ARTES MARCIALES
1297,PROF.(A) DE AEROBICOS
1298,INSTRUCTOR DE MANEJO
1299,TEC. EN ACUACULTURA
1300,TEC. EN EDUCACION
1301,INSTRUCTOR(A) EN KARATE
1302,INSTRUCTOR DE NATACION
1303,LIC. EN LINGÜISTICA
1304,MATEMATICO
1305,LIC.EN CIENC EDUC ESP EDU FIS DEP Y REC.
1306,OFICIOS RELAT. A CIENCIAS SOCIALES
1307,DIPLOMATICO (A)
1308,POLITICO
1309,EMBAJADOR(A)
1310,FUNCIONARIO PUBLICO
1311,DIPLOMATICO DE CARRERA
1312,CONSUL GENERAL
1313,PROCURADOR GRAL. DE LA REPUBLICA
1314,LIC. EN DIPLOMACIA
1315,OFICIOS RELAT. A LA RELIGION
1316,CLERIGO LITERARIO
1317,MINISTRO EVANGELICO
1318,MISIONERO(A)
1319,MONJA
1320,SACRISTAN
1321,PRECURSOR RELIGIOSO
1322,RELIGIOSO(A)
1323,PREDICADOR
1324,EVANGELIZADOR
1325,SEMINARISTA
1326,HERMANA RELIGIOSA
1327,CATEQUISTA
1328,MINISTRO RELIGIOSO
1329,MINISTRO CRISTIANO
1330,LIC. EN SIST. INFORMATICOS ADMINIS
1331,OFICIOS MILITARES O DE SEGURIDAD
1332,POLICIA MILITAR
1333,POLICIA NACIONAL CIVIL
1334,SOLDADO
1335,POLICIA DE ADUANA
1336,AGENTE DE SEGURIDAD PRIVADA
1337,BOMBERO
1338,GUARDAESPALDA
1339,POLICIA MUNICIPAL
1340,SALVAVIDAS
1341,SERENO
1342,VIGILANTE
1343,MILITAR RETIRADO
1344,AGENTE DE SEGURIDAD PUBLICA
1345,DETECTIVE
1346,AGENTE PENITENCIARIO
1347,AGENTE METROPOLITANO
1348,POLICIA BANCARIO
1349,CUSTODIO
1350,GUARDAVIDAS
1351,COMISIONADO
1352,LIC (A) EN ADMON PUBLICA POLICIAL
1353,OTROS OFICIOS
1354,CHEF
1355,COCINERO(A)
1356,AMA DE CASA
1357,LAVANDERO(A)
1358,NIÑERA
1359,DOMESTICA
1360,AEROMOZA
1361,SOBRECARGO
1362,DELEGADO DE TRANSPORTE
1363,TRANSPORTISTA
1364,COBRADOR
1365,CAMIONERO
1366,CARRETONERO
1367,ESTIVADOR
1368,FERROCARRILERO
1369,FOGONERO
1370,MAQUINISTA
1371,MOTOCICLISTA
1372,MOTORISTA
1373,TAXISTA
1374,ENTRENADOR(A)
1375,ARBITRO
1376,ATLETA
1377,BASQUETBOLISTA
1378,FUTBOLISTA
1379,BEISBOLISTA
1380,SOFTBOLISTA
1381,MOTOCICLISTA DEPORTIVO
1382,DEPORTISTA
1383,ANIMADOR(A)
1384,PRESENTADOR(A) DE NOTICIAS
1385,LOCUTOR(A)
1386,OPERADOR(A) DE RADIO
1387,CRONISTA DEPORTIVO
1388,REPORTERO(A)
1389,CAMAROGRAFO
1390,AYUDANTE DE CAMAROGRAFO
1391,ESCENOGRAFO
1392,OPERADOR DE CAMARA
1393,OPERADOR DE MAQUINA DE CINE
1394,REALIZADOR DE PROGRAMAS
1395,CARICATURISTA
1396,DIBUJANTE COMERCIAL
1397,ROTULISTA
1398,PINTOR ROTULISTA
1399,EDITOR(A)
1400,PERIODISTA
1401,PUBLICISTA
1402,FOTOGRAFO(A)
1403,TEC. EN FOTOCOMPOSICION
1404,TEC. FOTOMECANICO
1405,TEC. EN MICROFILM
1406,TEC. EN SONIDO
1407,VOCERO
1408,RADIOTELEGRAFISTA
1409,PENSIONADO O JUBILADO
1410,TELEGRAFISTA
1411,EMPLEADO(A)
1412,EMPLEADO(A) PUBLICO(A)
1413,MECAPALERO(A)
1414,EMPLEADO DE ASEO
1415,COMUNICADOR SOCIAL
1416,AUXILIAR DE SERVICIO
1417,GASOLINERO
1418,DISEÑADOR COMERCIAL
1419,COBRADOR DE BUSES
1420,SOCORRISTA
1421,DIRECTOR DE CAMARA
1422,MICROSCOPISTA
1423,VOCEADOR
1424,FOTOLITOGRAFO
1425,EMPLEADO COMERCIAL
1426,EMPLEADO INDUSTRIAL
1427,PERITO
1428,PRODUCTOR DE TEATRO
1429,PRODUCTOR DE TV
1430,REDACTOR
1431,TALADOR
1432,CONSERJE
1433,LUCHADOR
1434,MOZO
1435,DISEÑADOR DE TATUAJES
1436,CATADOR
1437,ACTUARIO
1438,JEFE DE PERSONAL
1439,MAYORDOMO
1440,POLIGRAFISTA
1441,SUPERVISOR
1442,OPERARIA
1443,DOMESTICOS
1444,TORTILLERA
1445,ANALISTA
1446,ING.(A) ELECTROMECÁNICO
1447,PRODUCTOR CINEMATOGRAFICO
1448,INTERPRETE/TRADUCTOR
1449,INSPECTOR DE CALIDAD
1450,ENFIBRADOR
1451,AUXILIAR DE INGENIERIA
1452,INSPECTOR EN OBRAS CIVILES
1453,TEC. EN PREP. Y SERVIC. DE ALIMENTOS
1454,COORDINADOR DE TALLERES
1455,PULIDOR DE MUEBLES
1456,PEDICURISTA
1457,FOTOPERIODISTA
1458,CONTROL DE CALIDAD
1459,TENOR
1460,PIANISTA
1461,LIC. EN HOTELERIA Y TURISMO
1462,IMPORTADOR
1463,TECNICO EN AVIACION
1464,CONTROL DE TRANSITO AEREO
1465,AUXILIAR DE CONSTRUCCION
1466,OPERARIO DE MAQUINAS TERMOFORMADORAS
1467,GUILLOTINISTA
1468,TECNICO EMBALSAMADOR
1469,TEC. EN ESTRUCTURAS METALICAS
1470,ASESOR
1471,TEC. EN SOLAIRES
1472,CORRESPONSAL DE DEPORTE
1473,PRODUCTOR(A) DE TELEVISION
1474,QUIMICO COLORISTA
1475,TECNICO AUDIOLOGO
1476,OPERADOR PROYECCIONISTA
1477,AUXILIAR DE BODEGA
1478,TECNICO EN SISTEMA DE CONTROL
1479,LIC. EN QUIMICA INDUSTRIAL
1480,ARMADOR
1481,TECNICO DE CINE
1482,OPERARIO DE OPTICA
1483,TELEOPERADOR(A)
1484,DISPLAY
1485,CHEF INTERNACIONAL
1486,DIBUJANTE COMERCIAL PUBLICITARIO
1487,OFICIOS DOMESTICOS
1488,TEC. ARCHIVISTA Y MICROFILM
1489,PROFESOR DE DANZA
1490,TEC. EJECUTIVO EN OPER. INTERNACIONALES
1491,FOTOGRABADOR
1492,FOTOMECANICO
1493,ESTETISISTA
1494,ALTA COSTURA Y DISEÑO
1495,TEC. EN PROCESAMIENTO DE DATOS
1496,INSPECTOR DE CAMPO
1497,INGENIERO(A) COMERCIAL
1498,TEC. EN NEGOCIOS
1499,MECANICO EN ESTRUCTURAS METALICAS
1500,DISK JOCKEY
1501,SOCIOLOGO (A)
1502,DESTAZADOR(A)
1503,PERITO EN DACTILOSCOPIA
1504,LICENCIADO(A) EN ADMON. EDUCATIVA
1505,TEC. EN OBRA DE BANCO
1506,PERFUSIONISTA PRACTICO
1507,BUZO SOLDADOR
1508,ENTRENADOR DE FOOTBALL
1509,TEC. EN HOTELERIA Y TURISMO
1510,TECNICO EN REFINERIA
1511,DESTILADOR
1512,TECNICO EN INGENIERIA DE PLASTICOS
1513,PRESENTADOR DE TV
1514,HIDROGEOLOGO
1515,LOCUTOR DEPORTIVO
1516,DINAMITERO
1517,LIC. EN IDIOMA INGLES OPCION ENSEÑANZA
1518,LIC(A) CC DE EDUC CON ESP EN EDU BASICA
1519,TEC. EN ING. DE REDES COMPUTACIONALES
1520,PROFESOR(A) EN EDUCACION ARTISTICA
1521,TEC EN ING ELECTRONICA INDUSTRIAL
1522,DOCTOR (A) EN EDUCACION
1523,TECNICO EN GASTRONOMIA
1524,TECNICO EN INGENIERIA DE MECANICA DIESEL
1525,TEC (A).EN ING. DE SISTEMAS INFORMATICOS
1526,LIC.(A) EN HISTORIA
1527,LIC.(A) EN  ECONOMIA EMPRESARIAL
1528,LIC.(A) EN COMUNIC. INTEG. DE MARKETING
1529,COCINERO PROFESIONAL
1530,TECNICO(A). EN LOGISTICA Y ADUANAS
1531,TECNICO SUPERIOR EN LACTEOS Y CARNICOS
1532,MEDICINA INTERNA
1533,TECNICO EN ING. CIVIL Y CONSTRUCCION
1534,TECNICO BILINGÜE INGLES/ESPAÑOL
1535,MS EN DIDACTICA PARA LA FORMACION DOC.
1536,LIC.(A)  EN ADMON. FINANCIERA Y BANCARIA
1537,TECNICO EN INGENIERIA DE SOFTWARE
1538,TECNOLOGO(A) EN GESTION INDUSTRIAL
1539,DR.(A) EN GINECOLOGIA Y OBSTETRICIA 
1540,MTRO.(A) EN LA GESTION DE LA INNOVACION
1541,TEC.EN ING. DE LAS TELECOMUNICACIONES
1542,TECNICO EN MERCADOTECNIA
1543,LIC.(A) EN GERENCIA INFORMATICA
1544,MTRO.(A) EN GESTION DE LA CALIDAD
1545,TECNICO SUPERIOR EN LOGISTICA GLOBAL
1546,PROF.(A) EN EDUCACION FISICA Y DEPORTES
1547,ING.(A) EN SISTEMAS Y REDES INFORMATICAS
1548,TEC.ING.(A) EN SIST. Y REDES INFORMAT.
1549,LIC.(A) EN IDIOMA INGLES
1550,ING.(A)  EN SISTEMAS INFORMATICOS
1551,LIC.(A) EN TEOLOGIA C/ESP.E/MISIONOLOGIA
1552,TEC. EN MULTIMEDIA
1553,MAESTRA(O) EN DISEÑO GRAFICO
1554,TEC. EN ADMON DE EMPRESAS GASTRONOMICA
1555,TECNICO EN SALUD AMBIENTAL
1556,TECNICO SUPERIOR EN ELECTRONICA
1557,LIC(A).EN CIENCIAS DEL LENG Y LITERATURA
1558,LIC.(A) EN MERCADEO INTERNACIONAL
1559,LIC.(A) EN SALUD AMBIENTAL
1560,TECNICO BIBLIOTECOLOGO(A)
1561,MS. EN TRADUCCION. ING. ESP.- ESP. ING
1562,ING. (A) AGRONOMO C/ORIENT.PROD.AGRICOLA
1563,TECNICO EN ASISTENCIA DENTAL
1564,LIC.(A) EN C.C.DE LA EDUC.ESP.C.SOCIALES
1565,LICENCIADA EN CONTADURIA
1566,TEC. EN GESTION Y DESARROLLO TURISTICO
1567,MS. EN GESTION ESTRATEGICA DE MARKETING
1568,LIC.(A) EN DISEÑO ESTRATEGICO
1569,LIC.(A)EN ADMON DE EMPRESAS Y CONTADURIA
1570,TECNICO EN ING DE DESARROLLO DE SOFTWARE
1571,ESPECIALISTA EN CIRUGIA GENERAL
1572,ING.(A) EN LOGISTICA Y ADUANAS
1573,AUDIOLOGO
1574,PROF. (A) EN EDUCACION MEDIA TECNICA
1575,LIC(A).EN EDUC. C/E EN TEOLOGIA PASTORAL
1576,LIC.(A) EN FINANZAS EMPRESARIALES
1577,LIC.(A) EN C.EDU ESP DIR/ADMON/ESCOLAR
1578,LIC. (A) EN TURISMO
1579,ING.(A) EN ADMON DE AGRONEGOCIOS
1580,MS. EN POLITICA Y EVALUACION EDUCATIVA
1581,ESPECIALISTA EN MEDICINA PEDIATRICA
1582,LIC.(A) EN MERCADEO Y NEGOCIOS INTERNAC.
1583,PROF.(A) EDU.MED.TEC.EN E/SIST.INFORMAT
1584,PROF. (A) EDU MED TEC ESP/LOG Y ADUANAS.
1585,MAESTRO/A EN ADMINISTRACION FINANCIERA
1586,INGENIERO (A) DE NEGOCIOS
1587,MS. EN INFORMATICA APLICADA A REDES
1588,LIC.(A) ADMON GLOBAL DE NEGOCIOS
1589,LIC.(A) EN ARTES PLASTICAS OPC PINTURA
1590,LIC. (A) EN ARTES PLASTICAS OP. CERAMICA
1591,LICENCIADO (A) EN GESTION AMBIENTAL
1592,MAESTRA EN METODOS Y TEC DE INVESTIG SOC
1593,PROF. (A) EDU MED TEC EN LA ESP DE COMP.
1594,MAESTRO(A) EN ARQUITECTURA DE SOFTWARE
1595,MASTER EN SISTEMAS DE INFORMACION
1596,LIC(A) EN IDIOMAS CON ESP EN TURISMO
1597,PROF.(A) DE EDUC MEDIA ESP DE MEC AUTOM.
1598,LIC.(A) EN CIENCIAS APLICADAS
1599,TEC. EN MANTTO. Y REP. DE COMPUTADORAS
1600,PROF. (A) EDU MED TEC EN ING EN COMP.
1601,MAESTRO (A) EN GERENCIA PUBLICA Y SOCIAL
1602,MAESTRO (A) EN GERENCIA DE PROYECTOS
1603,LIC (A) EN MATEMATICA OPCION EST - COMP
1604,MAESTRO(A) EN LOGISTICA
1605,ESPECIALISTA EN GINEC. Y OBSTETRICIA
1606,MAESTRO (A) EN ASESORIA EDUCATIVA
1607,MS EN POLITICA ECON C/ENF EN ECON INTER
1608,"LIC.(A) EN TEC DE LA SALUD,TERA FIS Y RE"
1609,TECNICO(A) PROYECTISTA
1610,ASISTENTE CLINICO DE ENFERMERIA
1611,LIC (A) EN NEGOC. DE DISEÑO Y COMUNICAC.
1612,TEC. SUP. EN GESTION DE TURISMO ALTERNA.
1613,PROF. DE ENSEÑANZA MEDIA EN FILOSOFIA
1614,BORDADORA  A DOMICILIO
1615,ARZOBISPO PRIMADO
1616,LIC(A) EN ADMON DE EMP. CON ENF EN COMP.
1617,MS EN PREV DE LA VIOLENCIA Y CULT DE PAZ
1618,LIC EN ARTES PLASTICAS OPC. ESCULTURA
1619,MAESTRO (A) EN DIRECCION DE EMPRESAS
1620,MEDICO (A) CARDIOLOGO
1621,MASTER EN INGENIERIA WEB
1622,LICENCIADO EN ADMINISTRACION
1623,TEC. EN DES. EMP. Y SERV. FINANCIEROS
1624,TEC. EN DESARROLLO DE APLIC. MOVILES
1625,PROF. EN EDU.MEDIA P/ENSEÑ IDIOMA INGLE
1626,LIC(A) EN PSICOLOGIA PEDAGOGICA
1627,LIC(A). EN TRAD. E INTER. DEL IDIOMA ING
1628,PROF EDUC FIS Y DEP PARA EDUC BAS Y MED
1629,MAESTRO EN DER. PENAL CONSTITUCIONAL
1630,LIC. (A) EN GES. SOCIAL DEL DESA. LOCAL
1631,TECNICO EN LOGISTICA Y OPERACIONES
1632,ING. (A) EN AGROINDUSTRIA ALIMENTARIA
1633,MAESTRIA EST DE CULTURA CENTROAMERICANA
1634,MAESTRO (A) EN FINANZAS EMPRESARIALES
1635,MAESTRO.(A) EN DESARROLLO TERRITORIAL
1636,PROF.(A) EN EDUC. INICIAL Y PARVULARIA
1637,MAESTRO (A) EN NUEVAS TEC APLIC A LA EDU
1638,MAESTRO. (A). EN DIR. ESTRATEGICA DE EMP
1639,MAESTRO (A) EN DESA. LOCAL SOSTENIBLE
1640,MAESTRO EN DIDACTICA DEL IDIOMA INGLES
1641,LIC(A) CC. DE EDU ESP/EDU. PARV BILINGUE
1642,MASTER PROPIO EN CONFLICTOLOGIA
1643,MAESTRO(A) EN GESTION DEL MEDIO AMBIENTE
1644,LICENCIADO.(A)  EN NEUROCIENCIA
1645,TEC. EN ADMINISTRACION DE RESTAURANTES
1646,DR (A) EN INVEST E INNOVACION EDUCATIVA
1647,MAESTRO EN CONSULTORIA EMPRESARIAL
1648,MAESTRIA EN DIRECCION ESTRAT. DE RRHH
1649,PROF EDUC MEDIA ENSEÑ LETRAS Y ESTETICA
1650,TECNICO EN TURISMO SOSTENIBLE
1651,CAPITAN DE YATE
1652,MAESTRO (A) EN ANTROPOLOGIA SOCIAL
1653,ING.(A) EN LOGISTICA Y DISTRIBUCION
1654,MAESTRA EN AUDITORIA FINANCIERA
1655,MAESTRA EN AUDITORIA FINANCIERA
1656,ESPEC. EN CIRUGIA ORAL Y MAXILOFACIAL
1657,MASTER EN ADMON DEL COMERCIO INTL.
1658,LIC. ADMON DE EMP BILINGÜE EN INGLES
1659,MS EN ATENCION INTEGRAL DE 1° INFANCIA
1660,MAESTRO(A) EN DERECHO DE EMPRESA
1661,MAESTRIA EN AUDITORIA
1662,MAGISTER EN EDUCACION Y APRENDIZAJE
1663,MTRO(A) EN METDS. Y TEC. DE INVEST. SOC.
1664,DOCTORADO EN EDUCACION ESP EN MED PEDAG
1665,BACH. TEC. VOC. COM. OPCIÓN CONTADURIA
1666,LIC(A) EN GESTION Y DESARROLLO TURISTICO
1667,TECNICO ESPECIALISTA AIS
1668,ING(A) EN CONTROL ELECTRICO
1669,ESPECIALISTA EN MEDICINA INTERNA
1670,LICENCIADO(A) EN ANTROPOLOGIA SOCIAL
1671,TEC.ING ELECTRIC AUTOMATIZACION ELECTRIC
1672,MTER.EN ADMON Y DREC DE COMERC Y DISTRIB
1673,LIC (DA). EN COMUNICACION CORPORATIVA
1674,TECNICO EN SOFTWARE
1675,BACHILLER INDUSTRIAL OPCION AUTOMOTORES
1676,LIC(A) EN CONTABILIDAD Y FINANZAS
1677,MASTER INTER EN HDA PUB Y ADMON FCIERA
1678,LIC.(A) EN TECNOLOGIA DE LA INFORMACION
1679,LIC(A) EN MERCADEO BILINGÜE
1680,MAESTRO (A) EN ESTADISTICA
1681,LIC(A) EN COMUNICACIÓN CORPORATIVA
1682,MÁSTER EN GERENCIA DE MANTO. INDUSTRIAL
1683,EVANGELISTA
1684,LIC.(A) EN ECONOMIA Y SOCIOLOGIA
1685,MTRO. (A) EN CC EN GES. INGRAL. DEL AGUA
1686,LIC.(A) EN TEC DE SALUD HIGIENE Y EPIDEM
1687,MAESTRO(A) EN FILOSOFIA IBEROAMERICANA
1688,LIC (A) EN ENTRENAMIENTO DEPORTIVO
1689,LIC.(A) EN ACTIVIDAD FISICA Y SALUD
1690,TECNICA SUPERIOR EN LACTEOS Y CARNICOS
1691,MAESTRO(A) EN INFORMATICA EDUCATIVA
1692,MAESTRO (A) EN MARKETING ESTRATEGICO
1693,LIC(A) EN TECNOLOGIAS DE LA INFORMACION
1694,TECNICO (A) PROGRAMADOR EN SOFTWARE
1695,MAESTRO EN DERECHO FAMILIAR
1696,LIC(A) EN INFORM. Y ADMON. DE NEGOCIOS
1697,TECNICO ADMINISTRATIVO CONTABLE
1698,DOC EN EDU MENCION APRENDIZAJE SOCIAL
1699,LIC. EN ADMON. DE EMPRESAS AGROPECUARIAS
1700,MAESTRO EN INGENIERIA ESTRUCTURAL
1701,INGENIERO EN TELEMATICA
1702,LIC.(A) EN COMUNICACIÓN CORPORATIVA
1703,LICENCIADO(A) EN BIO ANALISIS CLINICO
1704,DR(A). EN DERECHO PRIVADO
1705,"MST GEST CURR, DIDAC Y EVAL POR COMPET."
1706,LIC.(A) EN MEDICINA HOSPITALARIA
1707,ING (A) EN GESTION DE AGRONEGOCIOS
1708,"LIC(A) EN EDUCACION, ESP. MATEMATICA"
1709,MASTER EN ESTUDIOS PROFESIONALES
1710,MTR. EN ENER. RENV. Y MEDIO AMBIENTE
1711,MAESTRIA EN ATENC A LA VIOLENC EN LA FAM
1712,MAESTRIA EN BANCA Y FINANZAS
1713,TECNICA EN GASTRONOMIA
1714,ING (A) EN ADMINISTRACION TERRITORIAL
1715,PROF. EN TEOLOGÍA PASTORAL
1716,LIC. EN CC DE LA EDUC CON ESP EN CCN
1717,BARBERA
1718,CURILERO
1719,TECNICAS DE ARSENAL QUIRURGICO
1720,TEC. ADMINISTRATIVO CONTABLE
1721,TEC GEST TECNOLOGICA DEL PATRIMONIO CULT
1722,MAESTRA EN METODOLOGIA DE INVESTIG CIENT
1723,LIC. EN RELAC. Y NEGOC. INTERNACIONALES
1724,MTRO. EN METODOLOGIA DE LA INVESTIGACION
1725,POLITICÓLOGO (A)
1726,MAESTRIA EN DOCENCIA E INVESTIGACION EDU
1727,INVESTIGADOR(A) EN CIENCIA Y TECNOLOGIA
1728,MTRO. EN METODOLOGÍA DE LA INVES. CIENT.
1729,LIC(A) EN DISEÑO GRAFICO PUBLICITARIO
1730,LIC.(A) EN EDUC. BASICA 1º Y 2º CICLOS
1731,LIC(A) EN EDUCACION INICIAL Y PARVULARIA
1732,ING(A) EN AGROALIMENTACION
1733,PROF (A) DE EDUC MED EN ORIENT EDUCATIVA
1734,LIC (A) DE EDUC MED EN ORIENT EDUCATIVA
1735,MAESTRO (A) EN MATEMATICA FUNDAMENTAL
1736,DOCTORADO EN ECONOMIA
1737,LIC (A) EN DISEÑO GRAFICO EDITORIAL
1738,TEC. EN DISEÑO GRAFICO PUBLICITARIO
1739,ING.(A) EN TELECOMUNICACIONES Y REDES
1740,MTRO(A) EN GEST. ESTRATEG. DE LA COM.
1741,MTRO(A) EN GEST. ESTRATEG. DE LA COM.
1742,PROF. EDUC.MEDIA TEC ESPEC GASTRONOMIA
1743,MAESTRO (A) EN PSICOLOGIA
1744,MAGISTER EN GOBIERNO Y GERENCIA PUBLICA
